Homedomain Protein Name,Homedomain Residues,Homedomain Amino_acids,Homedomain Weights,Homedomain Ranked_Weights
HXA1,233,R,39,8
HXA1,234,T,39,8
HXA1,235,N,39,8
HXA1,236,F,39,8
HXA1,237,T,39,8
HXA1,238,T,39,8
HXA1,239,K,39,8
HXA1,240,Q,39,8
HXA1,241,L,39,8
HXA1,242,T,39,8
HXA1,243,E,39,8
HXA1,244,L,39,8
HXA1,245,E,39,8
HXA1,246,K,39,8
HXA1,247,E,39,8
HXA1,248,F,39,8
HXA1,249,H,39,8
HXA1,250,F,39,8
HXA1,251,N,39,8
HXA1,252,K,39,8
HXA1,253,Y,39,8
HXA1,254,L,39,8
HXA1,255,T,39,8
HXA1,256,R,39,8
HXA1,257,A,39,8
HXA1,258,R,39,8
HXA1,259,R,39,8
HXA1,260,V,39,8
HXA1,261,E,39,8
HXA1,262,I,39,8
HXA1,263,A,39,8
HXA1,264,A,39,8
HXA1,265,S,39,8
HXA1,266,L,39,8
HXA1,267,Q,39,8
HXA1,268,L,39,8
HXA1,269,N,39,8
HXA1,270,E,39,8
HXA1,271,T,39,8
HXA1,272,Q,39,8
HXA1,273,V,39,8
HXA1,274,K,39,8
HXA1,275,I,39,8
HXA1,276,W,39,8
HXA1,277,F,39,8
HXA1,278,Q,39,8
HXA1,279,N,39,8
HXA1,280,R,39,8
HXA1,281,R,39,8
HXA1,282,M,39,8
HXA1,283,K,39,8
HXA1,284,Q,39,8
HXA1,285,K,39,8
HXA2,147,R,38,25
HXA2,148,T,38,25
HXA2,149,A,38,25
HXA2,150,Y,38,25
HXA2,151,T,38,25
HXA2,152,N,38,25
HXA2,153,T,38,25
HXA2,154,Q,38,25
HXA2,155,L,38,25
HXA2,156,L,38,25
HXA2,157,E,38,25
HXA2,158,L,38,25
HXA2,159,E,38,25
HXA2,160,K,38,25
HXA2,161,E,38,25
HXA2,162,F,38,25
HXA2,163,H,38,25
HXA2,164,F,38,25
HXA2,165,N,38,25
HXA2,166,K,38,25
HXA2,167,Y,38,25
HXA2,168,L,38,25
HXA2,169,C,38,25
HXA2,170,R,38,25
HXA2,171,P,38,25
HXA2,172,R,38,25
HXA2,173,R,38,25
HXA2,174,V,38,25
HXA2,175,E,38,25
HXA2,176,I,38,25
HXA2,177,A,38,25
HXA2,178,A,38,25
HXA2,179,L,38,25
HXA2,180,L,38,25
HXA2,181,D,38,25
HXA2,182,L,38,25
HXA2,183,T,38,25
HXA2,184,E,38,25
HXA2,185,R,38,25
HXA2,186,Q,38,25
HXA2,187,V,38,25
HXA2,188,K,38,25
HXA2,189,V,38,25
HXA2,190,W,38,25
HXA2,191,F,38,25
HXA2,192,Q,38,25
HXA2,193,N,38,25
HXA2,194,R,38,25
HXA2,195,R,38,25
HXA2,196,M,38,25
HXA2,197,K,38,25
HXA2,198,H,38,25
HXA2,199,K,38,25
HXA3,195,R,37,2
HXA3,196,T,37,2
HXA3,197,A,37,2
HXA3,198,Y,37,2
HXA3,199,T,37,2
HXA3,200,S,37,2
HXA3,201,A,37,2
HXA3,202,Q,37,2
HXA3,203,L,37,2
HXA3,204,V,37,2
HXA3,205,E,37,2
HXA3,206,L,37,2
HXA3,207,E,37,2
HXA3,208,K,37,2
HXA3,209,E,37,2
HXA3,210,F,37,2
HXA3,211,H,37,2
HXA3,212,F,37,2
HXA3,213,N,37,2
HXA3,214,R,37,2
HXA3,215,Y,37,2
HXA3,216,L,37,2
HXA3,217,C,37,2
HXA3,218,R,37,2
HXA3,219,P,37,2
HXA3,220,R,37,2
HXA3,221,R,37,2
HXA3,222,V,37,2
HXA3,223,E,37,2
HXA3,224,M,37,2
HXA3,225,A,37,2
HXA3,226,N,37,2
HXA3,227,L,37,2
HXA3,228,L,37,2
HXA3,229,N,37,2
HXA3,230,L,37,2
HXA3,231,T,37,2
HXA3,232,E,37,2
HXA3,233,R,37,2
HXA3,234,Q,37,2
HXA3,235,I,37,2
HXA3,236,K,37,2
HXA3,237,I,37,2
HXA3,238,W,37,2
HXA3,239,F,37,2
HXA3,240,Q,37,2
HXA3,241,N,37,2
HXA3,242,R,37,2
HXA3,243,R,37,2
HXA3,244,M,37,2
HXA3,245,K,37,2
HXA3,246,Y,37,2
HXA3,247,K,37,2
HXA4,219,R,36,13
HXA4,220,T,36,13
HXA4,221,A,36,13
HXA4,222,Y,36,13
HXA4,223,T,36,13
HXA4,224,R,36,13
HXA4,225,Q,36,13
HXA4,226,Q,36,13
HXA4,227,V,36,13
HXA4,228,L,36,13
HXA4,229,E,36,13
HXA4,230,L,36,13
HXA4,231,E,36,13
HXA4,232,K,36,13
HXA4,233,E,36,13
HXA4,234,F,36,13
HXA4,235,H,36,13
HXA4,236,F,36,13
HXA4,237,N,36,13
HXA4,238,R,36,13
HXA4,239,Y,36,13
HXA4,240,L,36,13
HXA4,241,T,36,13
HXA4,242,R,36,13
HXA4,243,R,36,13
HXA4,244,R,36,13
HXA4,245,R,36,13
HXA4,246,I,36,13
HXA4,247,E,36,13
HXA4,248,I,36,13
HXA4,249,A,36,13
HXA4,250,H,36,13
HXA4,251,T,36,13
HXA4,252,L,36,13
HXA4,253,C,36,13
HXA4,254,L,36,13
HXA4,255,S,36,13
HXA4,256,E,36,13
HXA4,257,R,36,13
HXA4,258,Q,36,13
HXA4,259,V,36,13
HXA4,260,K,36,13
HXA4,261,I,36,13
HXA4,262,W,36,13
HXA4,263,F,36,13
HXA4,264,Q,36,13
HXA4,265,N,36,13
HXA4,266,R,36,13
HXA4,267,R,36,13
HXA4,268,M,36,13
HXA4,269,K,36,13
HXA4,270,W,36,13
HXA4,271,K,36,13
HXA5,199,R,35,7
HXA5,200,T,35,7
HXA5,201,A,35,7
HXA5,202,Y,35,7
HXA5,203,T,35,7
HXA5,204,R,35,7
HXA5,205,Y,35,7
HXA5,206,Q,35,7
HXA5,207,T,35,7
HXA5,208,L,35,7
HXA5,209,E,35,7
HXA5,210,L,35,7
HXA5,211,E,35,7
HXA5,212,K,35,7
HXA5,213,E,35,7
HXA5,214,F,35,7
HXA5,215,H,35,7
HXA5,216,F,35,7
HXA5,217,N,35,7
HXA5,218,R,35,7
HXA5,219,Y,35,7
HXA5,220,L,35,7
HXA5,221,T,35,7
HXA5,222,R,35,7
HXA5,223,R,35,7
HXA5,224,R,35,7
HXA5,225,R,35,7
HXA5,226,I,35,7
HXA5,227,E,35,7
HXA5,228,I,35,7
HXA5,229,A,35,7
HXA5,230,H,35,7
HXA5,231,A,35,7
HXA5,232,L,35,7
HXA5,233,C,35,7
HXA5,234,L,35,7
HXA5,235,S,35,7
HXA5,236,E,35,7
HXA5,237,R,35,7
HXA5,238,Q,35,7
HXA5,239,I,35,7
HXA5,240,K,35,7
HXA5,241,I,35,7
HXA5,242,W,35,7
HXA5,243,F,35,7
HXA5,244,Q,35,7
HXA5,245,N,35,7
HXA5,246,R,35,7
HXA5,247,R,35,7
HXA5,248,M,35,7
HXA5,249,K,35,7
HXA5,250,W,35,7
HXA5,251,K,35,7
HXA6,159,R,34,31
HXA6,160,Q,34,31
HXA6,161,T,34,31
HXA6,162,Y,34,31
HXA6,163,T,34,31
HXA6,164,R,34,31
HXA6,165,Y,34,31
HXA6,166,Q,34,31
HXA6,167,T,34,31
HXA6,168,L,34,31
HXA6,169,E,34,31
HXA6,170,L,34,31
HXA6,171,E,34,31
HXA6,172,K,34,31
HXA6,173,E,34,31
HXA6,174,F,34,31
HXA6,175,H,34,31
HXA6,176,F,34,31
HXA6,177,N,34,31
HXA6,178,R,34,31
HXA6,179,Y,34,31
HXA6,180,L,34,31
HXA6,181,T,34,31
HXA6,182,R,34,31
HXA6,183,R,34,31
HXA6,184,R,34,31
HXA6,185,R,34,31
HXA6,186,I,34,31
HXA6,187,E,34,31
HXA6,188,I,34,31
HXA6,189,A,34,31
HXA6,190,N,34,31
HXA6,191,A,34,31
HXA6,192,L,34,31
HXA6,193,C,34,31
HXA6,194,L,34,31
HXA6,195,T,34,31
HXA6,196,E,34,31
HXA6,197,R,34,31
HXA6,198,Q,34,31
HXA6,199,I,34,31
HXA6,200,K,34,31
HXA6,201,I,34,31
HXA6,202,W,34,31
HXA6,203,F,34,31
HXA6,204,Q,34,31
HXA6,205,N,34,31
HXA6,206,R,34,31
HXA6,207,R,34,31
HXA6,208,M,34,31
HXA6,209,K,34,31
HXA6,210,W,34,31
HXA6,211,K,34,31
HXA7,134,R,33,30
HXA7,135,Q,33,30
HXA7,136,T,33,30
HXA7,137,Y,33,30
HXA7,138,T,33,30
HXA7,139,R,33,30
HXA7,140,Y,33,30
HXA7,141,Q,33,30
HXA7,142,T,33,30
HXA7,143,L,33,30
HXA7,144,E,33,30
HXA7,145,L,33,30
HXA7,146,E,33,30
HXA7,147,K,33,30
HXA7,148,E,33,30
HXA7,149,F,33,30
HXA7,150,H,33,30
HXA7,151,F,33,30
HXA7,152,N,33,30
HXA7,153,R,33,30
HXA7,154,Y,33,30
HXA7,155,L,33,30
HXA7,156,T,33,30
HXA7,157,R,33,30
HXA7,158,R,33,30
HXA7,159,R,33,30
HXA7,160,R,33,30
HXA7,161,I,33,30
HXA7,162,E,33,30
HXA7,163,I,33,30
HXA7,164,A,33,30
HXA7,165,H,33,30
HXA7,166,A,33,30
HXA7,167,L,33,30
HXA7,168,C,33,30
HXA7,169,L,33,30
HXA7,170,T,33,30
HXA7,171,E,33,30
HXA7,172,R,33,30
HXA7,173,Q,33,30
HXA7,174,I,33,30
HXA7,175,K,33,30
HXA7,176,I,33,30
HXA7,177,W,33,30
HXA7,178,F,33,30
HXA7,179,Q,33,30
HXA7,180,N,33,30
HXA7,181,R,33,30
HXA7,182,R,33,30
HXA7,183,M,33,30
HXA7,184,K,33,30
HXA7,185,W,33,30
HXA7,186,K,33,30
HXA9,210,R,32,39
HXA9,211,C,32,39
HXA9,212,P,32,39
HXA9,213,Y,32,39
HXA9,214,T,32,39
HXA9,215,K,32,39
HXA9,216,H,32,39
HXA9,217,Q,32,39
HXA9,218,T,32,39
HXA9,219,L,32,39
HXA9,220,E,32,39
HXA9,221,L,32,39
HXA9,222,E,32,39
HXA9,223,K,32,39
HXA9,224,E,32,39
HXA9,225,F,32,39
HXA9,226,L,32,39
HXA9,227,F,32,39
HXA9,228,N,32,39
HXA9,229,M,32,39
HXA9,230,Y,32,39
HXA9,231,L,32,39
HXA9,232,T,32,39
HXA9,233,R,32,39
HXA9,234,D,32,39
HXA9,235,R,32,39
HXA9,236,R,32,39
HXA9,237,Y,32,39
HXA9,238,E,32,39
HXA9,239,V,32,39
HXA9,240,A,32,39
HXA9,241,R,32,39
HXA9,242,L,32,39
HXA9,243,L,32,39
HXA9,244,N,32,39
HXA9,245,L,32,39
HXA9,246,T,32,39
HXA9,247,E,32,39
HXA9,248,R,32,39
HXA9,249,Q,32,39
HXA9,250,V,32,39
HXA9,251,K,32,39
HXA9,252,I,32,39
HXA9,253,W,32,39
HXA9,254,F,32,39
HXA9,255,Q,32,39
HXA9,256,N,32,39
HXA9,257,R,32,39
HXA9,258,R,32,39
HXA9,259,M,32,39
HXA9,260,K,32,39
HXA9,261,M,32,39
HXA9,262,K,32,39
HXA10,340,R,31,4
HXA10,341,C,31,4
HXA10,342,P,31,4
HXA10,343,Y,31,4
HXA10,344,T,31,4
HXA10,345,K,31,4
HXA10,346,H,31,4
HXA10,347,Q,31,4
HXA10,348,T,31,4
HXA10,349,L,31,4
HXA10,350,E,31,4
HXA10,351,L,31,4
HXA10,352,E,31,4
HXA10,353,K,31,4
HXA10,354,E,31,4
HXA10,355,F,31,4
HXA10,356,L,31,4
HXA10,357,F,31,4
HXA10,358,N,31,4
HXA10,359,M,31,4
HXA10,360,Y,31,4
HXA10,361,L,31,4
HXA10,362,T,31,4
HXA10,363,R,31,4
HXA10,364,E,31,4
HXA10,365,R,31,4
HXA10,366,R,31,4
HXA10,367,L,31,4
HXA10,368,E,31,4
HXA10,369,I,31,4
HXA10,370,S,31,4
HXA10,371,R,31,4
HXA10,372,S,31,4
HXA10,373,V,31,4
HXA10,374,H,31,4
HXA10,375,L,31,4
HXA10,376,T,31,4
HXA10,377,D,31,4
HXA10,378,R,31,4
HXA10,379,Q,31,4
HXA10,380,V,31,4
HXA10,381,K,31,4
HXA10,382,I,31,4
HXA10,383,W,31,4
HXA10,384,F,31,4
HXA10,385,Q,31,4
HXA10,386,N,31,4
HXA10,387,R,31,4
HXA10,388,R,31,4
HXA10,389,M,31,4
HXA10,390,K,31,4
HXA10,391,L,31,4
HXA10,392,K,31,4
HXA11,245,R,30,27
HXA11,246,C,30,27
HXA11,247,P,30,27
HXA11,248,Y,30,27
HXA11,249,T,30,27
HXA11,250,K,30,27
HXA11,251,Y,30,27
HXA11,252,Q,30,27
HXA11,253,I,30,27
HXA11,254,R,30,27
HXA11,255,E,30,27
HXA11,256,L,30,27
HXA11,257,E,30,27
HXA11,258,R,30,27
HXA11,259,E,30,27
HXA11,260,F,30,27
HXA11,261,F,30,27
HXA11,262,F,30,27
HXA11,263,S,30,27
HXA11,264,V,30,27
HXA11,265,Y,30,27
HXA11,266,I,30,27
HXA11,267,N,30,27
HXA11,268,K,30,27
HXA11,269,E,30,27
HXA11,270,K,30,27
HXA11,271,R,30,27
HXA11,272,L,30,27
HXA11,273,Q,30,27
HXA11,274,L,30,27
HXA11,275,S,30,27
HXA11,276,R,30,27
HXA11,277,M,30,27
HXA11,278,L,30,27
HXA11,279,N,30,27
HXA11,280,L,30,27
HXA11,281,T,30,27
HXA11,282,D,30,27
HXA11,283,R,30,27
HXA11,284,Q,30,27
HXA11,285,V,30,27
HXA11,286,K,30,27
HXA11,287,I,30,27
HXA11,288,W,30,27
HXA11,289,F,30,27
HXA11,290,Q,30,27
HXA11,291,N,30,27
HXA11,292,R,30,27
HXA11,293,R,30,27
HXA11,294,M,30,27
HXA11,295,K,30,27
HXA11,296,E,30,27
HXA11,297,K,30,27
HXA13,326,R,29,18
HXA13,327,V,29,18
HXA13,328,P,29,18
HXA13,329,Y,29,18
HXA13,330,T,29,18
HXA13,331,K,29,18
HXA13,332,V,29,18
HXA13,333,Q,29,18
HXA13,334,L,29,18
HXA13,335,K,29,18
HXA13,336,E,29,18
HXA13,337,L,29,18
HXA13,338,E,29,18
HXA13,339,R,29,18
HXA13,340,E,29,18
HXA13,341,Y,29,18
HXA13,342,A,29,18
HXA13,343,T,29,18
HXA13,344,N,29,18
HXA13,345,K,29,18
HXA13,346,F,29,18
HXA13,347,I,29,18
HXA13,348,T,29,18
HXA13,349,K,29,18
HXA13,350,D,29,18
HXA13,351,K,29,18
HXA13,352,R,29,18
HXA13,353,R,29,18
HXA13,354,R,29,18
HXA13,355,I,29,18
HXA13,356,S,29,18
HXA13,357,A,29,18
HXA13,358,T,29,18
HXA13,359,T,29,18
HXA13,360,N,29,18
HXA13,361,L,29,18
HXA13,362,S,29,18
HXA13,363,E,29,18
HXA13,364,R,29,18
HXA13,365,Q,29,18
HXA13,366,V,29,18
HXA13,367,T,29,18
HXA13,368,I,29,18
HXA13,369,W,29,18
HXA13,370,F,29,18
HXA13,371,Q,29,18
HXA13,372,N,29,18
HXA13,373,R,29,18
HXA13,374,R,29,18
HXA13,375,V,29,18
HXA13,376,K,29,18
HXA13,377,E,29,18
HXA13,378,K,29,18
HXB1,207,R,28,5
HXB1,208,T,28,5
HXB1,209,N,28,5
HXB1,210,F,28,5
HXB1,211,T,28,5
HXB1,212,T,28,5
HXB1,213,R,28,5
HXB1,214,Q,28,5
HXB1,215,L,28,5
HXB1,216,T,28,5
HXB1,217,E,28,5
HXB1,218,L,28,5
HXB1,219,E,28,5
HXB1,220,K,28,5
HXB1,221,E,28,5
HXB1,222,F,28,5
HXB1,223,H,28,5
HXB1,224,F,28,5
HXB1,225,N,28,5
HXB1,226,K,28,5
HXB1,227,Y,28,5
HXB1,228,L,28,5
HXB1,229,S,28,5
HXB1,230,R,28,5
HXB1,231,A,28,5
HXB1,232,R,28,5
HXB1,233,R,28,5
HXB1,234,V,28,5
HXB1,235,E,28,5
HXB1,236,I,28,5
HXB1,237,A,28,5
HXB1,238,A,28,5
HXB1,239,T,28,5
HXB1,240,L,28,5
HXB1,241,E,28,5
HXB1,242,L,28,5
HXB1,243,N,28,5
HXB1,244,E,28,5
HXB1,245,T,28,5
HXB1,246,Q,28,5
HXB1,247,V,28,5
HXB1,248,K,28,5
HXB1,249,I,28,5
HXB1,250,W,28,5
HXB1,251,F,28,5
HXB1,252,Q,28,5
HXB1,253,N,28,5
HXB1,254,R,28,5
HXB1,255,R,28,5
HXB1,256,M,28,5
HXB1,257,K,28,5
HXB1,258,Q,28,5
HXB1,259,K,28,5
HXB2,147,R,27,35
HXB2,148,T,27,35
HXB2,149,A,27,35
HXB2,150,Y,27,35
HXB2,151,T,27,35
HXB2,152,N,27,35
HXB2,153,T,27,35
HXB2,154,Q,27,35
HXB2,155,L,27,35
HXB2,156,L,27,35
HXB2,157,E,27,35
HXB2,158,L,27,35
HXB2,159,E,27,35
HXB2,160,K,27,35
HXB2,161,E,27,35
HXB2,162,F,27,35
HXB2,163,H,27,35
HXB2,164,F,27,35
HXB2,165,N,27,35
HXB2,166,K,27,35
HXB2,167,Y,27,35
HXB2,168,L,27,35
HXB2,169,C,27,35
HXB2,170,R,27,35
HXB2,171,P,27,35
HXB2,172,R,27,35
HXB2,173,R,27,35
HXB2,174,V,27,35
HXB2,175,E,27,35
HXB2,176,I,27,35
HXB2,177,A,27,35
HXB2,178,A,27,35
HXB2,179,L,27,35
HXB2,180,L,27,35
HXB2,181,D,27,35
HXB2,182,L,27,35
HXB2,183,T,27,35
HXB2,184,E,27,35
HXB2,185,R,27,35
HXB2,186,Q,27,35
HXB2,187,V,27,35
HXB2,188,K,27,35
HXB2,189,V,27,35
HXB2,190,W,27,35
HXB2,191,F,27,35
HXB2,192,Q,27,35
HXB2,193,N,27,35
HXB2,194,R,27,35
HXB2,195,R,27,35
HXB2,196,M,27,35
HXB2,197,K,27,35
HXB2,198,H,27,35
HXB2,199,K,27,35
HXB3,192,R,26,1
HXB3,193,T,26,1
HXB3,194,A,26,1
HXB3,195,Y,26,1
HXB3,196,T,26,1
HXB3,197,S,26,1
HXB3,198,A,26,1
HXB3,199,Q,26,1
HXB3,200,L,26,1
HXB3,201,V,26,1
HXB3,202,E,26,1
HXB3,203,L,26,1
HXB3,204,E,26,1
HXB3,205,K,26,1
HXB3,206,E,26,1
HXB3,207,F,26,1
HXB3,208,H,26,1
HXB3,209,F,26,1
HXB3,210,N,26,1
HXB3,211,R,26,1
HXB3,212,Y,26,1
HXB3,213,L,26,1
HXB3,214,C,26,1
HXB3,215,R,26,1
HXB3,216,P,26,1
HXB3,217,R,26,1
HXB3,218,R,26,1
HXB3,219,V,26,1
HXB3,220,E,26,1
HXB3,221,M,26,1
HXB3,222,A,26,1
HXB3,223,N,26,1
HXB3,224,L,26,1
HXB3,225,L,26,1
HXB3,226,N,26,1
HXB3,227,L,26,1
HXB3,228,S,26,1
HXB3,229,E,26,1
HXB3,230,R,26,1
HXB3,231,Q,26,1
HXB3,232,I,26,1
HXB3,233,K,26,1
HXB3,234,I,26,1
HXB3,235,W,26,1
HXB3,236,F,26,1
HXB3,237,Q,26,1
HXB3,238,N,26,1
HXB3,239,R,26,1
HXB3,240,R,26,1
HXB3,241,M,26,1
HXB3,242,K,26,1
HXB3,243,Y,26,1
HXB3,244,K,26,1
HXB4,166,R,25,23
HXB4,167,T,25,23
HXB4,168,A,25,23
HXB4,169,Y,25,23
HXB4,170,T,25,23
HXB4,171,R,25,23
HXB4,172,Q,25,23
HXB4,173,Q,25,23
HXB4,174,V,25,23
HXB4,175,L,25,23
HXB4,176,E,25,23
HXB4,177,L,25,23
HXB4,178,E,25,23
HXB4,179,K,25,23
HXB4,180,E,25,23
HXB4,181,F,25,23
HXB4,182,H,25,23
HXB4,183,Y,25,23
HXB4,184,N,25,23
HXB4,185,R,25,23
HXB4,186,Y,25,23
HXB4,187,L,25,23
HXB4,188,T,25,23
HXB4,189,R,25,23
HXB4,190,R,25,23
HXB4,191,R,25,23
HXB4,192,R,25,23
HXB4,193,V,25,23
HXB4,194,E,25,23
HXB4,195,I,25,23
HXB4,196,A,25,23
HXB4,197,H,25,23
HXB4,198,A,25,23
HXB4,199,L,25,23
HXB4,200,C,25,23
HXB4,201,L,25,23
HXB4,202,S,25,23
HXB4,203,E,25,23
HXB4,204,R,25,23
HXB4,205,Q,25,23
HXB4,206,I,25,23
HXB4,207,K,25,23
HXB4,208,I,25,23
HXB4,209,W,25,23
HXB4,210,F,25,23
HXB4,211,Q,25,23
HXB4,212,N,25,23
HXB4,213,R,25,23
HXB4,214,R,25,23
HXB4,215,M,25,23
HXB4,216,K,25,23
HXB4,217,W,25,23
HXB4,218,K,25,23
HXB5,198,R,24,10
HXB5,199,T,24,10
HXB5,200,A,24,10
HXB5,201,Y,24,10
HXB5,202,T,24,10
HXB5,203,R,24,10
HXB5,204,Y,24,10
HXB5,205,Q,24,10
HXB5,206,T,24,10
HXB5,207,L,24,10
HXB5,208,E,24,10
HXB5,209,L,24,10
HXB5,210,E,24,10
HXB5,211,K,24,10
HXB5,212,E,24,10
HXB5,213,F,24,10
HXB5,214,H,24,10
HXB5,215,F,24,10
HXB5,216,N,24,10
HXB5,217,R,24,10
HXB5,218,Y,24,10
HXB5,219,L,24,10
HXB5,220,T,24,10
HXB5,221,R,24,10
HXB5,222,R,24,10
HXB5,223,R,24,10
HXB5,224,R,24,10
HXB5,225,I,24,10
HXB5,226,E,24,10
HXB5,227,I,24,10
HXB5,228,A,24,10
HXB5,229,H,24,10
HXB5,230,A,24,10
HXB5,231,L,24,10
HXB5,232,C,24,10
HXB5,233,L,24,10
HXB5,234,S,24,10
HXB5,235,E,24,10
HXB5,236,R,24,10
HXB5,237,Q,24,10
HXB5,238,I,24,10
HXB5,239,K,24,10
HXB5,240,I,24,10
HXB5,241,W,24,10
HXB5,242,F,24,10
HXB5,243,Q,24,10
HXB5,244,N,24,10
HXB5,245,R,24,10
HXB5,246,R,24,10
HXB5,247,M,24,10
HXB5,248,K,24,10
HXB5,249,W,24,10
HXB5,250,K,24,10
HXB6,150,R,23,20
HXB6,151,Q,23,20
HXB6,152,T,23,20
HXB6,153,Y,23,20
HXB6,154,T,23,20
HXB6,155,R,23,20
HXB6,156,Y,23,20
HXB6,157,Q,23,20
HXB6,158,T,23,20
HXB6,159,L,23,20
HXB6,160,E,23,20
HXB6,161,L,23,20
HXB6,162,E,23,20
HXB6,163,K,23,20
HXB6,164,E,23,20
HXB6,165,F,23,20
HXB6,166,H,23,20
HXB6,167,Y,23,20
HXB6,168,N,23,20
HXB6,169,R,23,20
HXB6,170,Y,23,20
HXB6,171,L,23,20
HXB6,172,T,23,20
HXB6,173,R,23,20
HXB6,174,R,23,20
HXB6,175,R,23,20
HXB6,176,R,23,20
HXB6,177,I,23,20
HXB6,178,E,23,20
HXB6,179,I,23,20
HXB6,180,A,23,20
HXB6,181,H,23,20
HXB6,182,A,23,20
HXB6,183,L,23,20
HXB6,184,C,23,20
HXB6,185,L,23,20
HXB6,186,T,23,20
HXB6,187,E,23,20
HXB6,188,R,23,20
HXB6,189,Q,23,20
HXB6,190,I,23,20
HXB6,191,K,23,20
HXB6,192,I,23,20
HXB6,193,W,23,20
HXB6,194,F,23,20
HXB6,195,Q,23,20
HXB6,196,N,23,20
HXB6,197,R,23,20
HXB6,198,R,23,20
HXB6,199,M,23,20
HXB6,200,K,23,20
HXB6,201,W,23,20
HXB6,202,K,23,20
HXB7,141,R,22,14
HXB7,142,Q,22,14
HXB7,143,T,22,14
HXB7,144,Y,22,14
HXB7,145,T,22,14
HXB7,146,R,22,14
HXB7,147,Y,22,14
HXB7,148,Q,22,14
HXB7,149,T,22,14
HXB7,150,L,22,14
HXB7,151,E,22,14
HXB7,152,L,22,14
HXB7,153,E,22,14
HXB7,154,K,22,14
HXB7,155,E,22,14
HXB7,156,F,22,14
HXB7,157,H,22,14
HXB7,158,Y,22,14
HXB7,159,N,22,14
HXB7,160,R,22,14
HXB7,161,Y,22,14
HXB7,162,L,22,14
HXB7,163,T,22,14
HXB7,164,R,22,14
HXB7,165,R,22,14
HXB7,166,R,22,14
HXB7,167,R,22,14
HXB7,168,I,22,14
HXB7,169,E,22,14
HXB7,170,I,22,14
HXB7,171,A,22,14
HXB7,172,H,22,14
HXB7,173,T,22,14
HXB7,174,L,22,14
HXB7,175,C,22,14
HXB7,176,L,22,14
HXB7,177,T,22,14
HXB7,178,E,22,14
HXB7,179,R,22,14
HXB7,180,Q,22,14
HXB7,181,I,22,14
HXB7,182,K,22,14
HXB7,183,I,22,14
HXB7,184,W,22,14
HXB7,185,F,22,14
HXB7,186,Q,22,14
HXB7,187,N,22,14
HXB7,188,R,22,14
HXB7,189,R,22,14
HXB7,190,M,22,14
HXB7,191,K,22,14
HXB7,192,W,22,14
HXB7,193,K,22,14
HXB8,150,R,21,17
HXB8,151,Q,21,17
HXB8,152,T,21,17
HXB8,153,Y,21,17
HXB8,154,S,21,17
HXB8,155,R,21,17
HXB8,156,Y,21,17
HXB8,157,Q,21,17
HXB8,158,T,21,17
HXB8,159,L,21,17
HXB8,160,E,21,17
HXB8,161,L,21,17
HXB8,162,E,21,17
HXB8,163,K,21,17
HXB8,164,E,21,17
HXB8,165,F,21,17
HXB8,166,L,21,17
HXB8,167,F,21,17
HXB8,168,N,21,17
HXB8,169,P,21,17
HXB8,170,Y,21,17
HXB8,171,L,21,17
HXB8,172,T,21,17
HXB8,173,R,21,17
HXB8,174,K,21,17
HXB8,175,R,21,17
HXB8,176,R,21,17
HXB8,177,I,21,17
HXB8,178,E,21,17
HXB8,179,V,21,17
HXB8,180,S,21,17
HXB8,181,H,21,17
HXB8,182,A,21,17
HXB8,183,L,21,17
HXB8,184,G,21,17
HXB8,185,L,21,17
HXB8,186,T,21,17
HXB8,187,E,21,17
HXB8,188,R,21,17
HXB8,189,Q,21,17
HXB8,190,V,21,17
HXB8,191,K,21,17
HXB8,192,I,21,17
HXB8,193,W,21,17
HXB8,194,F,21,17
HXB8,195,Q,21,17
HXB8,196,N,21,17
HXB8,197,R,21,17
HXB8,198,R,21,17
HXB8,199,M,21,17
HXB8,200,K,21,17
HXB8,201,W,21,17
HXB8,202,K,21,17
HXB9,189,R,20,38
HXB9,190,C,20,38
HXB9,191,P,20,38
HXB9,192,Y,20,38
HXB9,193,T,20,38
HXB9,194,K,20,38
HXB9,195,Y,20,38
HXB9,196,Q,20,38
HXB9,197,T,20,38
HXB9,198,L,20,38
HXB9,199,E,20,38
HXB9,200,L,20,38
HXB9,201,E,20,38
HXB9,202,K,20,38
HXB9,203,E,20,38
HXB9,204,F,20,38
HXB9,205,L,20,38
HXB9,206,F,20,38
HXB9,207,N,20,38
HXB9,208,M,20,38
HXB9,209,Y,20,38
HXB9,210,L,20,38
HXB9,211,T,20,38
HXB9,212,R,20,38
HXB9,213,D,20,38
HXB9,214,R,20,38
HXB9,215,R,20,38
HXB9,216,H,20,38
HXB9,217,E,20,38
HXB9,218,V,20,38
HXB9,219,A,20,38
HXB9,220,R,20,38
HXB9,221,L,20,38
HXB9,222,L,20,38
HXB9,223,N,20,38
HXB9,224,L,20,38
HXB9,225,S,20,38
HXB9,226,E,20,38
HXB9,227,R,20,38
HXB9,228,Q,20,38
HXB9,229,V,20,38
HXB9,230,K,20,38
HXB9,231,I,20,38
HXB9,232,W,20,38
HXB9,233,F,20,38
HXB9,234,Q,20,38
HXB9,235,N,20,38
HXB9,236,R,20,38
HXB9,237,R,20,38
HXB9,238,M,20,38
HXB9,239,K,20,38
HXB9,240,M,20,38
HXB9,241,K,20,38
HXB13,220,R,19,26
HXB13,221,I,19,26
HXB13,222,P,19,26
HXB13,223,Y,19,26
HXB13,224,S,19,26
HXB13,225,K,19,26
HXB13,226,G,19,26
HXB13,227,Q,19,26
HXB13,228,L,19,26
HXB13,229,R,19,26
HXB13,230,E,19,26
HXB13,231,L,19,26
HXB13,232,E,19,26
HXB13,233,R,19,26
HXB13,234,E,19,26
HXB13,235,Y,19,26
HXB13,236,A,19,26
HXB13,237,A,19,26
HXB13,238,N,19,26
HXB13,239,K,19,26
HXB13,240,F,19,26
HXB13,241,I,19,26
HXB13,242,T,19,26
HXB13,243,K,19,26
HXB13,244,D,19,26
HXB13,245,K,19,26
HXB13,246,R,19,26
HXB13,247,R,19,26
HXB13,248,K,19,26
HXB13,249,I,19,26
HXB13,250,S,19,26
HXB13,251,A,19,26
HXB13,252,A,19,26
HXB13,253,T,19,26
HXB13,254,S,19,26
HXB13,255,L,19,26
HXB13,256,S,19,26
HXB13,257,E,19,26
HXB13,258,R,19,26
HXB13,259,Q,19,26
HXB13,260,I,19,26
HXB13,261,T,19,26
HXB13,262,I,19,26
HXB13,263,W,19,26
HXB13,264,F,19,26
HXB13,265,Q,19,26
HXB13,266,N,19,26
HXB13,267,R,19,26
HXB13,268,R,19,26
HXB13,269,V,19,26
HXB13,270,K,19,26
HXB13,271,E,19,26
HXB13,272,K,19,26
HXC4,160,R,18,19
HXC4,161,T,18,19
HXC4,162,A,18,19
HXC4,163,Y,18,19
HXC4,164,T,18,19
HXC4,165,R,18,19
HXC4,166,Q,18,19
HXC4,167,Q,18,19
HXC4,168,V,18,19
HXC4,169,L,18,19
HXC4,170,E,18,19
HXC4,171,L,18,19
HXC4,172,E,18,19
HXC4,173,K,18,19
HXC4,174,E,18,19
HXC4,175,F,18,19
HXC4,176,H,18,19
HXC4,177,Y,18,19
HXC4,178,N,18,19
HXC4,179,R,18,19
HXC4,180,Y,18,19
HXC4,181,L,18,19
HXC4,182,T,18,19
HXC4,183,R,18,19
HXC4,184,R,18,19
HXC4,185,R,18,19
HXC4,186,R,18,19
HXC4,187,I,18,19
HXC4,188,E,18,19
HXC4,189,I,18,19
HXC4,190,A,18,19
HXC4,191,H,18,19
HXC4,192,S,18,19
HXC4,193,L,18,19
HXC4,194,C,18,19
HXC4,195,L,18,19
HXC4,196,S,18,19
HXC4,197,E,18,19
HXC4,198,R,18,19
HXC4,199,Q,18,19
HXC4,200,I,18,19
HXC4,201,K,18,19
HXC4,202,I,18,19
HXC4,203,W,18,19
HXC4,204,F,18,19
HXC4,205,Q,18,19
HXC4,206,N,18,19
HXC4,207,R,18,19
HXC4,208,R,18,19
HXC4,209,M,18,19
HXC4,210,K,18,19
HXC4,211,W,18,19
HXC4,212,K,18,19
HXC5,159,R,17,28
HXC5,160,T,17,28
HXC5,161,S,17,28
HXC5,162,Y,17,28
HXC5,163,T,17,28
HXC5,164,R,17,28
HXC5,165,Y,17,28
HXC5,166,Q,17,28
HXC5,167,T,17,28
HXC5,168,L,17,28
HXC5,169,E,17,28
HXC5,170,L,17,28
HXC5,171,E,17,28
HXC5,172,K,17,28
HXC5,173,E,17,28
HXC5,174,F,17,28
HXC5,175,H,17,28
HXC5,176,F,17,28
HXC5,177,N,17,28
HXC5,178,R,17,28
HXC5,179,Y,17,28
HXC5,180,L,17,28
HXC5,181,T,17,28
HXC5,182,R,17,28
HXC5,183,R,17,28
HXC5,184,R,17,28
HXC5,185,R,17,28
HXC5,186,I,17,28
HXC5,187,E,17,28
HXC5,188,I,17,28
HXC5,189,A,17,28
HXC5,190,N,17,28
HXC5,191,N,17,28
HXC5,192,L,17,28
HXC5,193,C,17,28
HXC5,194,L,17,28
HXC5,195,N,17,28
HXC5,196,E,17,28
HXC5,197,R,17,28
HXC5,198,Q,17,28
HXC5,199,I,17,28
HXC5,200,K,17,28
HXC5,201,I,17,28
HXC5,202,W,17,28
HXC5,203,F,17,28
HXC5,204,Q,17,28
HXC5,205,N,17,28
HXC5,206,R,17,28
HXC5,207,R,17,28
HXC5,208,M,17,28
HXC5,209,K,17,28
HXC5,210,W,17,28
HXC5,211,K,17,28
HXC6,145,R,16,33
HXC6,146,Q,16,33
HXC6,147,I,16,33
HXC6,148,Y,16,33
HXC6,149,S,16,33
HXC6,150,R,16,33
HXC6,151,Y,16,33
HXC6,152,Q,16,33
HXC6,153,T,16,33
HXC6,154,L,16,33
HXC6,155,E,16,33
HXC6,156,L,16,33
HXC6,157,E,16,33
HXC6,158,K,16,33
HXC6,159,E,16,33
HXC6,160,F,16,33
HXC6,161,H,16,33
HXC6,162,F,16,33
HXC6,163,N,16,33
HXC6,164,R,16,33
HXC6,165,Y,16,33
HXC6,166,L,16,33
HXC6,167,T,16,33
HXC6,168,R,16,33
HXC6,169,R,16,33
HXC6,170,R,16,33
HXC6,171,R,16,33
HXC6,172,I,16,33
HXC6,173,E,16,33
HXC6,174,I,16,33
HXC6,175,A,16,33
HXC6,176,N,16,33
HXC6,177,A,16,33
HXC6,178,L,16,33
HXC6,179,C,16,33
HXC6,180,L,16,33
HXC6,181,T,16,33
HXC6,182,E,16,33
HXC6,183,R,16,33
HXC6,184,Q,16,33
HXC6,185,I,16,33
HXC6,186,K,16,33
HXC6,187,I,16,33
HXC6,188,W,16,33
HXC6,189,F,16,33
HXC6,190,Q,16,33
HXC6,191,N,16,33
HXC6,192,R,16,33
HXC6,193,R,16,33
HXC6,194,M,16,33
HXC6,195,K,16,33
HXC6,196,W,16,33
HXC6,197,K,16,33
HXC8,153,R,15,11
HXC8,154,Q,15,11
HXC8,155,T,15,11
HXC8,156,Y,15,11
HXC8,157,S,15,11
HXC8,158,R,15,11
HXC8,159,Y,15,11
HXC8,160,Q,15,11
HXC8,161,T,15,11
HXC8,162,L,15,11
HXC8,163,E,15,11
HXC8,164,L,15,11
HXC8,165,E,15,11
HXC8,166,K,15,11
HXC8,167,E,15,11
HXC8,168,F,15,11
HXC8,169,L,15,11
HXC8,170,F,15,11
HXC8,171,N,15,11
HXC8,172,P,15,11
HXC8,173,Y,15,11
HXC8,174,L,15,11
HXC8,175,T,15,11
HXC8,176,R,15,11
HXC8,177,K,15,11
HXC8,178,R,15,11
HXC8,179,R,15,11
HXC8,180,I,15,11
HXC8,181,E,15,11
HXC8,182,V,15,11
HXC8,183,S,15,11
HXC8,184,H,15,11
HXC8,185,A,15,11
HXC8,186,L,15,11
HXC8,187,G,15,11
HXC8,188,L,15,11
HXC8,189,T,15,11
HXC8,190,E,15,11
HXC8,191,R,15,11
HXC8,192,Q,15,11
HXC8,193,V,15,11
HXC8,194,K,15,11
HXC8,195,I,15,11
HXC8,196,W,15,11
HXC8,197,F,15,11
HXC8,198,Q,15,11
HXC8,199,N,15,11
HXC8,200,R,15,11
HXC8,201,R,15,11
HXC8,202,M,15,11
HXC8,203,K,15,11
HXC8,204,W,15,11
HXC8,205,K,15,11
HXC9,196,R,14,36
HXC9,197,C,14,36
HXC9,198,P,14,36
HXC9,199,Y,14,36
HXC9,200,T,14,36
HXC9,201,K,14,36
HXC9,202,Y,14,36
HXC9,203,Q,14,36
HXC9,204,T,14,36
HXC9,205,L,14,36
HXC9,206,E,14,36
HXC9,207,L,14,36
HXC9,208,E,14,36
HXC9,209,K,14,36
HXC9,210,E,14,36
HXC9,211,F,14,36
HXC9,212,L,14,36
HXC9,213,F,14,36
HXC9,214,N,14,36
HXC9,215,M,14,36
HXC9,216,Y,14,36
HXC9,217,L,14,36
HXC9,218,T,14,36
HXC9,219,R,14,36
HXC9,220,D,14,36
HXC9,221,R,14,36
HXC9,222,R,14,36
HXC9,223,Y,14,36
HXC9,224,E,14,36
HXC9,225,V,14,36
HXC9,226,A,14,36
HXC9,227,R,14,36
HXC9,228,V,14,36
HXC9,229,L,14,36
HXC9,230,N,14,36
HXC9,231,L,14,36
HXC9,232,T,14,36
HXC9,233,E,14,36
HXC9,234,R,14,36
HXC9,235,Q,14,36
HXC9,236,V,14,36
HXC9,237,K,14,36
HXC9,238,I,14,36
HXC9,239,W,14,36
HXC9,240,F,14,36
HXC9,241,Q,14,36
HXC9,242,N,14,36
HXC9,243,R,14,36
HXC9,244,R,14,36
HXC9,245,M,14,36
HXC9,246,K,14,36
HXC9,247,M,14,36
HXC9,248,K,14,36
HXC10,272,R,13,32
HXC10,273,C,13,32
HXC10,274,P,13,32
HXC10,275,Y,13,32
HXC10,276,T,13,32
HXC10,277,K,13,32
HXC10,278,H,13,32
HXC10,279,Q,13,32
HXC10,280,T,13,32
HXC10,281,L,13,32
HXC10,282,E,13,32
HXC10,283,L,13,32
HXC10,284,E,13,32
HXC10,285,K,13,32
HXC10,286,E,13,32
HXC10,287,F,13,32
HXC10,288,L,13,32
HXC10,289,F,13,32
HXC10,290,N,13,32
HXC10,291,M,13,32
HXC10,292,Y,13,32
HXC10,293,L,13,32
HXC10,294,T,13,32
HXC10,295,R,13,32
HXC10,296,E,13,32
HXC10,297,R,13,32
HXC10,298,R,13,32
HXC10,299,L,13,32
HXC10,300,E,13,32
HXC10,301,I,13,32
HXC10,302,S,13,32
HXC10,303,K,13,32
HXC10,304,T,13,32
HXC10,305,I,13,32
HXC10,306,N,13,32
HXC10,307,L,13,32
HXC10,308,T,13,32
HXC10,309,D,13,32
HXC10,310,R,13,32
HXC10,311,Q,13,32
HXC10,312,V,13,32
HXC10,313,K,13,32
HXC10,314,I,13,32
HXC10,315,W,13,32
HXC10,316,F,13,32
HXC10,317,Q,13,32
HXC10,318,N,13,32
HXC10,319,R,13,32
HXC10,320,R,13,32
HXC10,321,M,13,32
HXC10,322,K,13,32
HXC10,323,L,13,32
HXC10,324,K,13,32
HXC11,236,R,12,29
HXC11,237,C,12,29
HXC11,238,P,12,29
HXC11,239,Y,12,29
HXC11,240,S,12,29
HXC11,241,K,12,29
HXC11,242,F,12,29
HXC11,243,Q,12,29
HXC11,244,I,12,29
HXC11,245,R,12,29
HXC11,246,E,12,29
HXC11,247,L,12,29
HXC11,248,E,12,29
HXC11,249,R,12,29
HXC11,250,E,12,29
HXC11,251,F,12,29
HXC11,252,F,12,29
HXC11,253,F,12,29
HXC11,254,N,12,29
HXC11,255,V,12,29
HXC11,256,Y,12,29
HXC11,257,I,12,29
HXC11,258,N,12,29
HXC11,259,K,12,29
HXC11,260,E,12,29
HXC11,261,K,12,29
HXC11,262,R,12,29
HXC11,263,L,12,29
HXC11,264,Q,12,29
HXC11,265,L,12,29
HXC11,266,S,12,29
HXC11,267,R,12,29
HXC11,268,M,12,29
HXC11,269,L,12,29
HXC11,270,N,12,29
HXC11,271,L,12,29
HXC11,272,T,12,29
HXC11,273,D,12,29
HXC11,274,R,12,29
HXC11,275,Q,12,29
HXC11,276,V,12,29
HXC11,277,K,12,29
HXC11,278,I,12,29
HXC11,279,W,12,29
HXC11,280,F,12,29
HXC11,281,Q,12,29
HXC11,282,N,12,29
HXC11,283,R,12,29
HXC11,284,R,12,29
HXC11,285,M,12,29
HXC11,286,K,12,29
HXC11,287,E,12,29
HXC11,288,K,12,29
HXC12,218,R,11,21
HXC12,219,K,11,21
HXC12,220,P,11,21
HXC12,221,Y,11,21
HXC12,222,S,11,21
HXC12,223,K,11,21
HXC12,224,L,11,21
HXC12,225,Q,11,21
HXC12,226,L,11,21
HXC12,227,A,11,21
HXC12,228,E,11,21
HXC12,229,L,11,21
HXC12,230,E,11,21
HXC12,231,G,11,21
HXC12,232,E,11,21
HXC12,233,F,11,21
HXC12,234,L,11,21
HXC12,235,V,11,21
HXC12,236,N,11,21
HXC12,237,E,11,21
HXC12,238,F,11,21
HXC12,239,I,11,21
HXC12,240,T,11,21
HXC12,241,R,11,21
HXC12,242,Q,11,21
HXC12,243,R,11,21
HXC12,244,R,11,21
HXC12,245,R,11,21
HXC12,246,E,11,21
HXC12,247,L,11,21
HXC12,248,S,11,21
HXC12,249,D,11,21
HXC12,250,R,11,21
HXC12,251,L,11,21
HXC12,252,N,11,21
HXC12,253,L,11,21
HXC12,254,S,11,21
HXC12,255,D,11,21
HXC12,256,Q,11,21
HXC12,257,Q,11,21
HXC12,258,V,11,21
HXC12,259,K,11,21
HXC12,260,I,11,21
HXC12,261,W,11,21
HXC12,262,F,11,21
HXC12,263,Q,11,21
HXC12,264,N,11,21
HXC12,265,R,11,21
HXC12,266,R,11,21
HXC12,267,M,11,21
HXC12,268,K,11,21
HXC12,269,K,11,21
HXC12,270,K,11,21
HXC13,264,R,10,22
HXC13,265,V,10,22
HXC13,266,P,10,22
HXC13,267,Y,10,22
HXC13,268,T,10,22
HXC13,269,K,10,22
HXC13,270,V,10,22
HXC13,271,Q,10,22
HXC13,272,L,10,22
HXC13,273,K,10,22
HXC13,274,E,10,22
HXC13,275,L,10,22
HXC13,276,E,10,22
HXC13,277,K,10,22
HXC13,278,E,10,22
HXC13,279,Y,10,22
HXC13,280,A,10,22
HXC13,281,A,10,22
HXC13,282,S,10,22
HXC13,283,K,10,22
HXC13,284,F,10,22
HXC13,285,I,10,22
HXC13,286,T,10,22
HXC13,287,K,10,22
HXC13,288,E,10,22
HXC13,289,K,10,22
HXC13,290,R,10,22
HXC13,291,R,10,22
HXC13,292,R,10,22
HXC13,293,I,10,22
HXC13,294,S,10,22
HXC13,295,A,10,22
HXC13,296,T,10,22
HXC13,297,T,10,22
HXC13,298,N,10,22
HXC13,299,L,10,22
HXC13,300,S,10,22
HXC13,301,E,10,22
HXC13,302,R,10,22
HXC13,303,Q,10,22
HXC13,304,V,10,22
HXC13,305,T,10,22
HXC13,306,I,10,22
HXC13,307,W,10,22
HXC13,308,F,10,22
HXC13,309,Q,10,22
HXC13,310,N,10,22
HXC13,311,R,10,22
HXC13,312,R,10,22
HXC13,313,V,10,22
HXC13,314,K,10,22
HXC13,315,E,10,22
HXC13,316,K,10,22
HXD1,233,R,9,24
HXD1,234,T,9,24
HXD1,235,N,9,24
HXD1,236,F,9,24
HXD1,237,S,9,24
HXD1,238,T,9,24
HXD1,239,K,9,24
HXD1,240,Q,9,24
HXD1,241,L,9,24
HXD1,242,T,9,24
HXD1,243,E,9,24
HXD1,244,L,9,24
HXD1,245,E,9,24
HXD1,246,K,9,24
HXD1,247,E,9,24
HXD1,248,F,9,24
HXD1,249,H,9,24
HXD1,250,F,9,24
HXD1,251,N,9,24
HXD1,252,K,9,24
HXD1,253,Y,9,24
HXD1,254,L,9,24
HXD1,255,T,9,24
HXD1,256,R,9,24
HXD1,257,A,9,24
HXD1,258,R,9,24
HXD1,259,R,9,24
HXD1,260,I,9,24
HXD1,261,E,9,24
HXD1,262,I,9,24
HXD1,263,A,9,24
HXD1,264,N,9,24
HXD1,265,C,9,24
HXD1,266,L,9,24
HXD1,267,H,9,24
HXD1,268,L,9,24
HXD1,269,N,9,24
HXD1,270,D,9,24
HXD1,271,T,9,24
HXD1,272,Q,9,24
HXD1,273,V,9,24
HXD1,274,K,9,24
HXD1,275,I,9,24
HXD1,276,W,9,24
HXD1,277,F,9,24
HXD1,278,Q,9,24
HXD1,279,N,9,24
HXD1,280,R,9,24
HXD1,281,R,9,24
HXD1,282,M,9,24
HXD1,283,K,9,24
HXD1,284,Q,9,24
HXD1,285,K,9,24
HXD3,198,R,8,6
HXD3,199,T,8,6
HXD3,200,A,8,6
HXD3,201,Y,8,6
HXD3,202,T,8,6
HXD3,203,S,8,6
HXD3,204,A,8,6
HXD3,205,Q,8,6
HXD3,206,L,8,6
HXD3,207,V,8,6
HXD3,208,E,8,6
HXD3,209,L,8,6
HXD3,210,E,8,6
HXD3,211,K,8,6
HXD3,212,E,8,6
HXD3,213,F,8,6
HXD3,214,H,8,6
HXD3,215,F,8,6
HXD3,216,N,8,6
HXD3,217,R,8,6
HXD3,218,Y,8,6
HXD3,219,L,8,6
HXD3,220,C,8,6
HXD3,221,R,8,6
HXD3,222,P,8,6
HXD3,223,R,8,6
HXD3,224,R,8,6
HXD3,225,V,8,6
HXD3,226,E,8,6
HXD3,227,M,8,6
HXD3,228,A,8,6
HXD3,229,N,8,6
HXD3,230,L,8,6
HXD3,231,L,8,6
HXD3,232,N,8,6
HXD3,233,L,8,6
HXD3,234,T,8,6
HXD3,235,E,8,6
HXD3,236,R,8,6
HXD3,237,Q,8,6
HXD3,238,I,8,6
HXD3,239,K,8,6
HXD3,240,I,8,6
HXD3,241,W,8,6
HXD3,242,F,8,6
HXD3,243,Q,8,6
HXD3,244,N,8,6
HXD3,245,R,8,6
HXD3,246,R,8,6
HXD3,247,M,8,6
HXD3,248,K,8,6
HXD3,249,Y,8,6
HXD3,250,K,8,6
HXD4,158,R,7,3
HXD4,159,T,7,3
HXD4,160,A,7,3
HXD4,161,Y,7,3
HXD4,162,T,7,3
HXD4,163,R,7,3
HXD4,164,Q,7,3
HXD4,165,Q,7,3
HXD4,166,V,7,3
HXD4,167,L,7,3
HXD4,168,E,7,3
HXD4,169,L,7,3
HXD4,170,E,7,3
HXD4,171,K,7,3
HXD4,172,E,7,3
HXD4,173,F,7,3
HXD4,174,H,7,3
HXD4,175,F,7,3
HXD4,176,N,7,3
HXD4,177,R,7,3
HXD4,178,Y,7,3
HXD4,179,L,7,3
HXD4,180,T,7,3
HXD4,181,R,7,3
HXD4,182,R,7,3
HXD4,183,R,7,3
HXD4,184,R,7,3
HXD4,185,I,7,3
HXD4,186,E,7,3
HXD4,187,I,7,3
HXD4,188,A,7,3
HXD4,189,H,7,3
HXD4,190,T,7,3
HXD4,191,L,7,3
HXD4,192,C,7,3
HXD4,193,L,7,3
HXD4,194,S,7,3
HXD4,195,E,7,3
HXD4,196,R,7,3
HXD4,197,Q,7,3
HXD4,198,I,7,3
HXD4,199,K,7,3
HXD4,200,I,7,3
HXD4,201,W,7,3
HXD4,202,F,7,3
HXD4,203,Q,7,3
HXD4,204,N,7,3
HXD4,205,R,7,3
HXD4,206,R,7,3
HXD4,207,M,7,3
HXD4,208,K,7,3
HXD4,209,W,7,3
HXD4,210,K,7,3
HXD8,201,R,6,9
HXD8,202,Q,6,9
HXD8,203,T,6,9
HXD8,204,Y,6,9
HXD8,205,S,6,9
HXD8,206,R,6,9
HXD8,207,F,6,9
HXD8,208,Q,6,9
HXD8,209,T,6,9
HXD8,210,L,6,9
HXD8,211,E,6,9
HXD8,212,L,6,9
HXD8,213,E,6,9
HXD8,214,K,6,9
HXD8,215,E,6,9
HXD8,216,F,6,9
HXD8,217,L,6,9
HXD8,218,F,6,9
HXD8,219,N,6,9
HXD8,220,P,6,9
HXD8,221,Y,6,9
HXD8,222,L,6,9
HXD8,223,T,6,9
HXD8,224,R,6,9
HXD8,225,K,6,9
HXD8,226,R,6,9
HXD8,227,R,6,9
HXD8,228,I,6,9
HXD8,229,E,6,9
HXD8,230,V,6,9
HXD8,231,S,6,9
HXD8,232,H,6,9
HXD8,233,A,6,9
HXD8,234,L,6,9
HXD8,235,A,6,9
HXD8,236,L,6,9
HXD8,237,T,6,9
HXD8,238,E,6,9
HXD8,239,R,6,9
HXD8,240,Q,6,9
HXD8,241,V,6,9
HXD8,242,K,6,9
HXD8,243,I,6,9
HXD8,244,W,6,9
HXD8,245,F,6,9
HXD8,246,Q,6,9
HXD8,247,N,6,9
HXD8,248,R,6,9
HXD8,249,R,6,9
HXD8,250,M,6,9
HXD8,251,K,6,9
HXD8,252,W,6,9
HXD8,253,K,6,9
HXD9,289,R,5,12
HXD9,290,C,5,12
HXD9,291,P,5,12
HXD9,292,Y,5,12
HXD9,293,T,5,12
HXD9,294,K,5,12
HXD9,295,Y,5,12
HXD9,296,Q,5,12
HXD9,297,T,5,12
HXD9,298,L,5,12
HXD9,299,E,5,12
HXD9,300,L,5,12
HXD9,301,E,5,12
HXD9,302,K,5,12
HXD9,303,E,5,12
HXD9,304,F,5,12
HXD9,305,L,5,12
HXD9,306,F,5,12
HXD9,307,N,5,12
HXD9,308,M,5,12
HXD9,309,Y,5,12
HXD9,310,L,5,12
HXD9,311,T,5,12
HXD9,312,R,5,12
HXD9,313,D,5,12
HXD9,314,R,5,12
HXD9,315,R,5,12
HXD9,316,Y,5,12
HXD9,317,E,5,12
HXD9,318,V,5,12
HXD9,319,A,5,12
HXD9,320,R,5,12
HXD9,321,I,5,12
HXD9,322,L,5,12
HXD9,323,N,5,12
HXD9,324,L,5,12
HXD9,325,T,5,12
HXD9,326,E,5,12
HXD9,327,R,5,12
HXD9,328,Q,5,12
HXD9,329,V,5,12
HXD9,330,K,5,12
HXD9,331,I,5,12
HXD9,332,W,5,12
HXD9,333,F,5,12
HXD9,334,Q,5,12
HXD9,335,N,5,12
HXD9,336,R,5,12
HXD9,337,R,5,12
HXD9,338,M,5,12
HXD9,339,K,5,12
HXD9,340,M,5,12
HXD9,341,K,5,12
HXD10,270,R,4,37
HXD10,271,C,4,37
HXD10,272,P,4,37
HXD10,273,Y,4,37
HXD10,274,T,4,37
HXD10,275,K,4,37
HXD10,276,H,4,37
HXD10,277,Q,4,37
HXD10,278,T,4,37
HXD10,279,L,4,37
HXD10,280,E,4,37
HXD10,281,L,4,37
HXD10,282,E,4,37
HXD10,283,K,4,37
HXD10,284,E,4,37
HXD10,285,F,4,37
HXD10,286,L,4,37
HXD10,287,F,4,37
HXD10,288,N,4,37
HXD10,289,M,4,37
HXD10,290,Y,4,37
HXD10,291,L,4,37
HXD10,292,T,4,37
HXD10,293,R,4,37
HXD10,294,E,4,37
HXD10,295,R,4,37
HXD10,296,R,4,37
HXD10,297,L,4,37
HXD10,298,E,4,37
HXD10,299,I,4,37
HXD10,300,S,4,37
HXD10,301,K,4,37
HXD10,302,S,4,37
HXD10,303,V,4,37
HXD10,304,N,4,37
HXD10,305,L,4,37
HXD10,306,T,4,37
HXD10,307,D,4,37
HXD10,308,R,4,37
HXD10,309,Q,4,37
HXD10,310,V,4,37
HXD10,311,K,4,37
HXD10,312,I,4,37
HXD10,313,W,4,37
HXD10,314,F,4,37
HXD10,315,Q,4,37
HXD10,316,N,4,37
HXD10,317,R,4,37
HXD10,318,R,4,37
HXD10,319,M,4,37
HXD10,320,K,4,37
HXD10,321,L,4,37
HXD10,322,K,4,37
HXD11,270,R,3,16
HXD11,271,C,3,16
HXD11,272,P,3,16
HXD11,273,Y,3,16
HXD11,274,T,3,16
HXD11,275,K,3,16
HXD11,276,Y,3,16
HXD11,277,Q,3,16
HXD11,278,I,3,16
HXD11,279,R,3,16
HXD11,280,E,3,16
HXD11,281,L,3,16
HXD11,282,E,3,16
HXD11,283,R,3,16
HXD11,284,E,3,16
HXD11,285,F,3,16
HXD11,286,F,3,16
HXD11,287,F,3,16
HXD11,288,N,3,16
HXD11,289,V,3,16
HXD11,290,Y,3,16
HXD11,291,I,3,16
HXD11,292,N,3,16
HXD11,293,K,3,16
HXD11,294,E,3,16
HXD11,295,K,3,16
HXD11,296,R,3,16
HXD11,297,L,3,16
HXD11,298,Q,3,16
HXD11,299,L,3,16
HXD11,300,S,3,16
HXD11,301,R,3,16
HXD11,302,M,3,16
HXD11,303,L,3,16
HXD11,304,N,3,16
HXD11,305,L,3,16
HXD11,306,T,3,16
HXD11,307,D,3,16
HXD11,308,R,3,16
HXD11,309,Q,3,16
HXD11,310,V,3,16
HXD11,311,K,3,16
HXD11,312,I,3,16
HXD11,313,W,3,16
HXD11,314,F,3,16
HXD11,315,Q,3,16
HXD11,316,N,3,16
HXD11,317,R,3,16
HXD11,318,R,3,16
HXD11,319,M,3,16
HXD11,320,K,3,16
HXD11,321,E,3,16
HXD11,322,K,3,16
HXD12,206,R,2,34
HXD12,207,K,2,34
HXD12,208,P,2,34
HXD12,209,Y,2,34
HXD12,210,T,2,34
HXD12,211,K,2,34
HXD12,212,Q,2,34
HXD12,213,Q,2,34
HXD12,214,I,2,34
HXD12,215,A,2,34
HXD12,216,E,2,34
HXD12,217,L,2,34
HXD12,218,E,2,34
HXD12,219,N,2,34
HXD12,220,E,2,34
HXD12,221,F,2,34
HXD12,222,L,2,34
HXD12,223,V,2,34
HXD12,224,N,2,34
HXD12,225,E,2,34
HXD12,226,F,2,34
HXD12,227,I,2,34
HXD12,228,N,2,34
HXD12,229,R,2,34
HXD12,230,Q,2,34
HXD12,231,K,2,34
HXD12,232,R,2,34
HXD12,233,K,2,34
HXD12,234,E,2,34
HXD12,235,L,2,34
HXD12,236,S,2,34
HXD12,237,N,2,34
HXD12,238,R,2,34
HXD12,239,L,2,34
HXD12,240,N,2,34
HXD12,241,L,2,34
HXD12,242,S,2,34
HXD12,243,D,2,34
HXD12,244,Q,2,34
HXD12,245,Q,2,34
HXD12,246,V,2,34
HXD12,247,K,2,34
HXD12,248,I,2,34
HXD12,249,W,2,34
HXD12,250,F,2,34
HXD12,251,Q,2,34
HXD12,252,N,2,34
HXD12,253,R,2,34
HXD12,254,R,2,34
HXD12,255,M,2,34
HXD12,256,K,2,34
HXD12,257,K,2,34
HXD12,258,K,2,34
HXD12,280,R,1,15
HXD12,281,V,1,15
HXD12,282,P,1,15
HXD12,283,Y,1,15
HXD12,284,T,1,15
HXD12,285,K,1,15
HXD12,286,L,1,15
HXD12,287,Q,1,15
HXD12,288,L,1,15
HXD12,289,K,1,15
HXD12,290,E,1,15
HXD12,291,L,1,15
HXD12,292,E,1,15
HXD12,293,N,1,15
HXD12,294,E,1,15
HXD12,295,Y,1,15
HXD12,296,A,1,15
HXD12,297,I,1,15
HXD12,298,N,1,15
HXD12,299,K,1,15
HXD12,300,F,1,15
HXD12,301,I,1,15
HXD12,302,N,1,15
HXD12,303,K,1,15
HXD12,304,D,1,15
HXD12,305,K,1,15
HXD12,306,R,1,15
HXD12,307,R,1,15
HXD12,308,R,1,15
HXD12,309,I,1,15
HXD12,310,S,1,15
HXD12,311,A,1,15
HXD12,312,A,1,15
HXD12,313,T,1,15
HXD12,314,N,1,15
HXD12,315,L,1,15
HXD12,316,S,1,15
HXD12,317,E,1,15
HXD12,318,R,1,15
HXD12,319,Q,1,15
HXD12,320,V,1,15
HXD12,321,T,1,15
HXD12,322,I,1,15
HXD12,323,W,1,15
HXD12,324,F,1,15
HXD12,325,Q,1,15
HXD12,326,N,1,15
HXD12,327,R,1,15
HXD12,328,R,1,15
HXD12,329,V,1,15
HXD12,330,K,1,15
HXD12,331,D,1,15
HXD12,332,K,1,15
