Protein Name,Residues,Amino_acids,Weights,Ranked_Weights,Scores,[FAY][DEPN]W. Repeats,Protein Name,Sequence_Length
HXA1,205,F,39,8,0.8356,[FAY][DEPN]W.,HXA1,335
HXA1,206,D,39,8,0.8356,,HXA2,376
HXA1,207,W,39,8,0.8356,,HXA3,443
HXA1,208,M,39,8,0.8356,,HXA4,320
HXA2,95,Y,38,25,0.6386,,HXA5,270
HXA2,96,P,38,25,0.6386,,HXA6,233
HXA2,97,W,38,25,0.6386,,HXA7,230
HXA2,98,M,38,25,0.6386,,HXA9,272
HXA3,156,F,37,2,0.9274,,HXA10,410
HXA3,157,P,37,2,0.9274,,HXA11,313
HXA3,158,W,37,2,0.9274,,HXA13,388
HXA3,159,M,37,2,0.9274,,HXB1,301
HXA4,195,Y,36,13,0.7769,,HXB2,356
HXA4,196,P,36,13,0.7769,,HXB3,431
HXA4,197,W,36,13,0.7769,,HXB4,251
HXA4,198,M,36,13,0.7769,,HXB5,269
HXA5,177,Y,35,7,0.8813,,HXB6,224
HXA5,178,P,35,7,0.8813,,HXB7,217
HXA5,179,W,35,7,0.8813,,HXB8,243
HXA5,180,M,35,7,0.8813,,HXB9,250
HXA6,137,Y,34,31,0.5899,,HXB13,284
HXA6,138,P,34,31,0.5899,,HXC4,264
HXA6,139,W,34,31,0.5899,,HXC5,222
HXA6,140,M,34,31,0.5899,,HXC6,235
HXA7,120,Y,33,30,0.5988,,HXC8,242
HXA7,121,P,33,30,0.5988,,HXC9,260
HXA7,122,W,33,30,0.5988,,HXC10,342
HXA7,123,M,33,30,0.5988,,HXC11,304
HXA9,198,A,32,39,0.427,,HXC12,282
HXA9,199,N,32,39,0.427,,HXC13,330
HXA9,200,W,32,39,0.427,,HXD1,328
HXA9,201,L,32,39,0.427,,HXD3,432
HXA10,328,A,31,4,0.9126,,HXD4,255
HXA10,329,N,31,4,0.9126,,HXD8,290
HXA10,330,W,31,4,0.9126,,HXD9,352
HXA10,331,L,31,4,0.9126,,HXD10,340
HXA11,0, ,30,27,0.618,,HXD11,338
HXA13,0, ,29,18,0.7296,,HXD12,270
HXB1,180,F,28,5,0.8839,,HXD12,343
HXB1,181,D,28,5,0.8839,,,
HXB1,182,W,28,5,0.8839,,,
HXB1,183,M,28,5,0.8839,,,
HXB2,95,F,27,35,0.4985,,,
HXB2,96,P,27,35,0.4985,,,
HXB2,97,W,27,35,0.4985,,,
HXB2,98,M,27,35,0.4985,,,
HXB3,130,F,26,1,0.9503,,,
HXB3,131,P,26,1,0.9503,,,
HXB3,132,W,26,1,0.9503,,,
HXB3,133,M,26,1,0.9503,,,
HXB4,142,Y,25,23,0.6842,,,
HXB4,143,P,25,23,0.6842,,,
HXB4,144,W,25,23,0.6842,,,
HXB4,145,M,25,23,0.6842,,,
HXB5,177,F,24,10,0.8283,,,
HXB5,178,P,24,10,0.8283,,,
HXB5,179,W,24,10,0.8283,,,
HXB5,180,M,24,10,0.8283,,,
HXB6,128,Y,23,20,0.7232,,,
HXB6,129,P,23,20,0.7232,,,
HXB6,130,W,23,20,0.7232,,,
HXB6,131,M,23,20,0.7232,,,
HXB7,127,Y,22,14,0.7628,,,
HXB7,128,P,22,14,0.7628,,,
HXB7,129,W,22,14,0.7628,,,
HXB7,130,M,22,14,0.7628,,,
HXB8,135,F,21,17,0.7425,,,
HXB8,136,P,21,17,0.7425,,,
HXB8,137,W,21,17,0.7425,,,
HXB8,138,M,21,17,0.7425,,,
HXB9,177,A,20,38,0.4337,,,
HXB9,178,N,20,38,0.4337,,,
HXB9,179,W,20,38,0.4337,,,
HXB9,180,L,20,38,0.4337,,,
HXB13,0, ,19,26,0.6219,,,
HXC4,136,Y,18,19,0.7243,,,
HXC4,137,P,18,19,0.7243,,,
HXC4,138,W,18,19,0.7243,,,
HXC4,139,M,18,19,0.7243,,,
HXC5,141,Y,17,28,0.6168,,,
HXC5,142,P,17,28,0.6168,,,
HXC5,143,W,17,28,0.6168,,,
HXC5,144,M,17,28,0.6168,,,
HXC6,123,Y,16,33,0.5204,,,
HXC6,124,P,16,33,0.5204,,,
HXC6,125,W,16,33,0.5204,,,
HXC6,126,M,16,33,0.5204,,,
HXC8,139,F,15,11,0.785,,,
HXC8,140,P,15,11,0.785,,,
HXC8,141,W,15,11,0.785,,,
HXC8,142,M,15,11,0.785,,,
HXC9,184,A,14,36,0.4628,,,
HXC9,185,N,14,36,0.4628,,,
HXC9,186,W,14,36,0.4628,,,
HXC9,187,I,14,36,0.4628,,,
HXC10,0, ,13,32,0.5687,,,
HXC11,0, ,12,29,0.6136,,,
HXC12,205,A,11,21,0.7204,,,
HXC12,206,P,11,21,0.7204,,,
HXC12,207,W,11,21,0.7204,,,
HXC12,208,Y,11,21,0.7204,,,
HXC13,0, ,10,22,0.7193,,,
HXD1,205,F,9,24,0.6833,,,
HXD1,206,E,9,24,0.6833,,,
HXD1,207,W,9,24,0.6833,,,
HXD1,208,M,9,24,0.6833,,,
HXD3,161,F,8,6,0.8816,,,
HXD3,162,P,8,6,0.8816,,,
HXD3,163,W,8,6,0.8816,,,
HXD3,164,M,8,6,0.8816,,,
HXD4,134,Y,7,3,0.9248,,,
HXD4,135,P,7,3,0.9248,,,
HXD4,136,W,7,3,0.9248,,,
HXD4,137,M,7,3,0.9248,,,
HXD8,186,F,6,9,0.8335,,,
HXD8,187,P,6,9,0.8335,,,
HXD8,188,W,6,9,0.8335,,,
HXD8,189,M,6,9,0.8335,,,
HXD9,277,A,5,12,0.7794,,,
HXD9,278,N,5,12,0.7794,,,
HXD9,279,W,5,12,0.7794,,,
HXD9,280,I,5,12,0.7794,,,
HXD10,0, ,4,37,0.4394,,,
HXD11,0, ,3,16,0.7486,,,
HXD12,0, ,2,34,0.5148,,,
HXD12,0, ,1,15,0.7529,,,
